<?xml version="1.0" encoding="UTF-8" ?>
<odoo>
    <template id="email_template_layout_inherit_rama" inherit_id="mail.mail_notification_paynow">
        <xpath expr="//tr[last()]" position="replace">
            <tr>
                <td align="center" style="min-width: 590px;">
                    <table border="0" cellpadding="0" cellspacing="0" width="100%"
                           style="background-color: white; padding: 0; border-collapse:separate;">
                        <tr>
                            <td valign="middle">
                                <span style="font-size: 10px;">Your
                                    <t t-esc="model_description or 'document'"/>
                                </span>
                                <br/>
                                <t t-if="has_button_access">
                                    <a t-att-href="button_access['url']">
                                        <span style="font-size: 20px; font-weight: bold;">
                                            <t t-esc="message.record_name and message.record_name.replace('/','-') or ''"/>
                                        </span>
                                    </a>
                                </t>
                                <t t-else="">
                                    <span style="font-size: 20px; font-weight: bold;">
                                        <t t-esc="message.record_name and message.record_name.replace('/','-') or ''"/>
                                    </span>
                                </t>
                            </td>
                            <td valign="middle" align="right">
                                <img t-att-src="'/logo.png?company=%s' % (company.id or 0)"
                                     style="padding: 0px; margin: 0px; height: 48px;" t-att-alt="'%s' % company.name"/>
                            </td>
                        </tr>
                        <tr>
                            <td colspan="2" style="text-align:center;">
                                <hr width="100%"
                                    style="background-color:rgb(204,204,204);border:medium none;clear:both;display:block;font-size:0px;min-height:1px;line-height:0; margin:4px 0px 32px 0px;"/>
                            </td>
                        </tr>
                    </table>
                </td>
            </tr>
            <!-- CONTENT -->
            <tr>
                <td style="min-width: 590px;">
                    <t t-out="message.body"/>
                </td>
            </tr>
            <!-- FOOTER -->
            <tr>
                <td align="center" style="min-width: 590px; padding: 0 8px 0 8px; font-size:11px;">
                    <hr width="100%"
                        style="background-color:rgb(204,204,204);border:medium none;clear:both;display:block;font-size:0px;min-height:1px;line-height:0; margin: 16px 0px 4px 0px;"/>
                    <b t-esc="company.name"/>
                    <br/>
                    <div style="color: #999999;">
                        <t t-esc="company.phone"/>
                        <t t-if="company.email">|
                            <a t-att-href="'mailto:%s' % company.email" style="text-decoration:none; color: #999999;">
                                <t t-esc="company.email"/>
                            </a>
                        </t>
                        <t t-if="company.website">|
                            <a t-att-href="'%s' % company.website" style="text-decoration:none; color: #999999;">
                                <t t-esc="company.website"/>
                            </a>
                        </t>
                    </div>
                </td>
            </tr>
            <tr>
                <td align="center" style="min-width: 590px;">
                    Powered by
                    <a target="_blank" href="https://www.odoo.com?utm_source=db&amp;utm_medium=email"
                       style="color: #875A7B;">Brinda Pharma
                    </a>
                </td>
            </tr>
        </xpath>
    </template>

<!--    <template id="email_template_layout_light_inherit_rama" inherit_id="mail.mail_notification_light">-->
<!--        <xpath expr="//tr[last()]" position="replace">-->
<!--            <tr>-->
<!--                <td align="center" style="min-width: 590px;">-->
<!--                    Powered by-->
<!--                    <a target="_blank" href="https://www.odoo.com?utm_source=db&amp;utm_medium=email"-->
<!--                       style="color: #875A7B;">ramaoooooo-->
<!--                    </a>-->
<!--                </td>-->
<!--            </tr>-->
<!--        </xpath>-->
<!--    </template>-->

</odoo>